Job ID,Job URL,Job Title,Company Name,Status,Timestamp,WP ID
c96ed918bf3888d6,https://fi.linkedin.com/jobs/view/helsinki-cabin-crew-opportunities-dubai-based-relocation-provided-at-emirates-4432312563,"Helsinki Cabin Crew Opportunities (Dubai Based, Relocation Provided)",,scraped,2026-07-07T00:19:42.586984,
49f20bf15987f507,https://fi.linkedin.com/jobs/view/studio-creative-director-at-netflix-4417091045,Studio Creative Director,Netflix,posted,2026-07-07T00:19:59.198153,23
2ac3bb95a8f90df4,https://fi.linkedin.com/jobs/view/freelance-graphic-designer-at-mindrift-4436714405,Freelance Graphic Designer,Mindrift,posted,2026-07-07T00:20:08.489670,25
c04a449abf1c7e94,https://fi.linkedin.com/jobs/view/videographer-and-social-media-coordinator-at-techclass-4431912648,Videographer and Social Media Coordinator,,scraped,2026-07-07T00:20:11.175886,
6187c9cbbfc3adb7,https://fi.linkedin.com/jobs/view/freelance-brand-designer-at-mindrift-4435807448,Freelance Brand Designer,Mindrift,posted,2026-07-07T00:20:23.038689,27
cad9b3999449b948,https://fi.linkedin.com/jobs/view/project-manager-at-crown-4436494748,Project Manager,,scraped,2026-07-07T00:20:25.713850,
fdb1c3792f794b3f,https://fi.linkedin.com/jobs/view/data-analyst-excel-remote-at-yo-it-consulting-4435294612,Data Analyst Excel - Remote,,scraped,2026-07-07T00:21:37.075987,
9b30a0e1f5c86628,https://fi.linkedin.com/jobs/view/freelance-presentation-designer-at-mindrift-4436708556,Freelance Presentation Designer,Mindrift,posted,2026-07-07T00:21:49.627278,29
f58e7a5952a71f88,https://fi.linkedin.com/jobs/view/freelance-presentation-designer-at-mindrift-4436718102,Freelance Presentation Designer,Mindrift,scraped,2026-07-07T00:21:53.752789,
c51aa58dc16efdff,https://fi.linkedin.com/jobs/view/guest-service-officer-at-royal-caribbean-group-4435593776,Guest Service Officer,Royal Caribbean Group,posted,2026-07-07T00:22:02.995395,31
c80f7d08fd531190,https://fi.linkedin.com/jobs/view/lead-program-manager-at-wolt-4435454773,Lead Program Manager,,scraped,2026-07-07T00:22:05.633360,
27819d67ac8c5cc5,https://fi.linkedin.com/jobs/view/portfolio-manager-freelance-ai-trainer-at-mindrift-4432362246,Portfolio Manager - Freelance AI Trainer,Mindrift,posted,2026-07-07T00:23:22.137757,33
5182f6a932fb16a5,https://fi.linkedin.com/jobs/view/english-language-expert-at-sme-careers-4425615785,English Language Expert,SME Careers,posted,2026-07-07T00:23:30.850869,35
6f4ef6ad211a600b,https://fi.linkedin.com/jobs/view/safari-guide-at-apukka-resort-4435439930,Safari Guide,Apukka Resort,posted,2026-07-07T00:24:50.417837,37
b4c8f5232397fd2b,https://fi.linkedin.com/jobs/view/maintenance-technician-at-easpring-finland-new-materials-oy-4435299400,Maintenance Technician,Easpring Finland New Materials Oy,posted,2026-07-07T00:25:01.764815,39
c83187275212f021,https://fi.linkedin.com/jobs/view/freelance-chatbot-developer-whatsapp-telegram-discord-at-mindrift-4436728909,Freelance Chatbot Developer (WhatsApp / Telegram / Discord),Mindrift,posted,2026-07-07T00:25:10.426787,41
8f75c140cbf5908c,https://fi.linkedin.com/jobs/view/technical-author-multiple-roles-and-seniority-levels-at-jobgether-4435767643,Technical Author (multiple roles and seniority levels),,scraped,2026-07-07T00:25:13.059065,
0f76128bb216cdc5,https://fi.linkedin.com/jobs/view/ux-ui-designer-at-the-flex-4436392116,UX/UI Designer,,scraped,2026-07-07T00:25:19.652690,
7658d80a2708f243,https://fi.linkedin.com/jobs/view/design-assistant-ril%C2%B4s-your-face-at-luhta-sportswear-company-4435212438,"Design Assistant, Ril´s & Your FACE",,scraped,2026-07-07T00:26:30.087088,
7c48b4375d31e493,https://fi.linkedin.com/jobs/view/compliance-analyst-freelance-ai-trainer-at-mindrift-4432328864,Compliance Analyst - Freelance AI Trainer,Mindrift,posted,2026-07-07T00:26:43.949020,43
e5f7430ff9bc5956,https://fi.linkedin.com/jobs/view/laitosoperaattori-at-enersense-4433771993,Laitosoperaattori,,scraped,2026-07-07T00:26:46.551072,
943d9139040eb75e,https://fi.linkedin.com/jobs/view/aarporaaja-toijala-works-oy-akaa-at-toijala-works-oy-4432788021,"AARPORAAJA, TOIJALA WORKS OY, AKAA",,scraped,2026-07-07T00:26:53.727316,
0ffb104384b8b572,https://fi.linkedin.com/jobs/view/export-control-specialist-at-bittium-4433163170,Export Control Specialist,,scraped,2026-07-07T00:28:06.500752,
78fd0a410d5b93c9,https://fi.linkedin.com/jobs/view/mikkeli%21-etsimme-rohkeita-nuoria-%E2%80%93-aloita-myyntiura-ja-auta-nuorten-urheilua%21-at-a-lottex-oy-4435451552,Mikkeli! Etsimme rohkeita nuoria – aloita myyntiura ja auta nuorten urheilua!,A-Lottex Oy,posted,2026-07-07T00:29:28.233261,45
7a67ed6ffd65c4ad,https://fi.linkedin.com/jobs/view/clearance-broker-associate-at-fedex-4437162810,Clearance Broker-Associate,FedEx,posted,2026-07-07T00:29:38.196576,47
5b3ca3c355d055d6,https://fi.linkedin.com/jobs/view/avoin-hakemus-at-seclan-oy-4433962981,Avoin hakemus,,scraped,2026-07-07T00:29:40.815846,
bd7d90e6774b5772,https://fi.linkedin.com/jobs/view/car-dealer-at-carwash-dd-oy-4430685224,Car Dealer,,scraped,2026-07-07T00:29:48.568151,
2a291332ba3df7a8,https://fi.linkedin.com/jobs/view/automyyj%C3%A4-lahti-at-kamux-suomi-oy-4434343777,Automyyjä Lahti,,scraped,2026-07-07T00:29:55.269537,
16f08dca969d1cef,https://fi.linkedin.com/jobs/view/production-operator-at-easpring-finland-new-materials-oy-4435291505,Production Operator,Easpring Finland New Materials Oy,posted,2026-07-07T00:30:10.025679,49
0b3308533d655575,https://fi.linkedin.com/jobs/view/myynnin-ja-asiakkuudenhoidon-ty%C3%B6paikkoja-oulussa-at-aava-bang-oy-4432340442,Myynnin ja asiakkuudenhoidon työpaikkoja Oulussa,,scraped,2026-07-07T00:30:12.629384,
6c2bc90da000bf9c,https://fi.linkedin.com/jobs/view/product-manager-at-forcit-defence-4432367711,Product Manager,,scraped,2026-07-07T00:30:19.110580,
8fca568503666e65,https://fi.linkedin.com/jobs/view/kaivinkoneen-ja-tieh%C3%B6yl%C3%A4nkuljettaja-at-terrafame-ltd-4434323273,Kaivinkoneen- ja tiehöylänkuljettaja,,scraped,2026-07-07T00:30:26.050078,
186443aa57680c79,https://fi.linkedin.com/jobs/view/document-controller-at-mercury-4270754764,Document Controller,,scraped,2026-07-07T00:30:33.501267,
13c8c1ca81117906,https://fi.linkedin.com/jobs/view/team-lead-at-broman-group-oy-4437176167,Team Lead,,scraped,2026-07-07T00:31:43.678996,
73133fd4464b8725,https://fi.linkedin.com/jobs/view/specialist-at-aalto-university-4435225635,Specialist,Aalto University,posted,2026-07-07T00:33:04.400177,51
75012e90f8716f26,https://fi.linkedin.com/jobs/view/paralegal-at-wolt-4426228569,Paralegal,,scraped,2026-07-07T00:33:07.003285,
0f35ef485d12bb5f,https://fi.linkedin.com/jobs/view/junior-site-manager-at-crown-4436705357,Junior Site Manager,,scraped,2026-07-07T00:33:14.025438,
71acdc01dda1fa78,https://fi.linkedin.com/jobs/view/associate-at-plug-and-play-4427486786,Associate,Plug and Play,posted,2026-07-07T00:33:28.451916,53
59bab810c3acd237,https://fi.linkedin.com/jobs/view/asiamies-at-riihi-s%C3%A4%C3%A4ti%C3%B6-rs-4433942770,Asiamies,Riihi säätiö rs,posted,2026-07-07T00:33:37.664129,55
d0d33b6c23256f53,https://fi.linkedin.com/jobs/view/keitti%C3%B6apulainen-kaskinen-at-st%C3%B6d-botnia-tuki-4436249228,"Keittiöapulainen, Kaskinen",Stöd Botnia Tuki,posted,2026-07-07T00:33:46.716040,57
6a88f1b459b77d2e,https://fi.linkedin.com/jobs/view/data-center-operation-roles-%E6%95%B0%E6%8D%AE%E4%B8%AD%E5%BF%83%E8%BF%90%E7%BB%B4%E5%B2%97-at-ezsvs-4436186306,Data Center Operation Roles 数据中心运维岗,EZSVS,posted,2026-07-07T00:33:56.372728,59
4f3385f65b5a5bff,https://fi.linkedin.com/jobs/view/accountant-at-matrix42-4433160510,Accountant,,scraped,2026-07-07T00:33:59.010493,
791d7245c94d5738,https://fi.linkedin.com/jobs/view/project-lead-at-winthrop-technologies-4321847267,Project Lead,,scraped,2026-07-07T00:34:05.513073,
29892f2f17418c21,https://fi.linkedin.com/jobs/view/supply-chain-manager-forcit-pori-at-forcit-group-4435415708,"Supply Chain Manager, Forcit Pori",,scraped,2026-07-07T00:35:16.546993,
fbc5a3122dc5b1b4,https://fi.linkedin.com/jobs/view/chef-hotel-k%C3%A4mp-at-strawberry-4435108544,Chef- Hotel Kämp,,scraped,2026-07-07T00:36:27.485136,
1cbb8b951f57ea21,https://fi.linkedin.com/jobs/view/data-scientist-at-norrin-4436095609,Data Scientist,,scraped,2026-07-07T00:36:34.942841,
15a07cc6f8982624,https://fi.linkedin.com/jobs/view/svp-vp-robotics-mobility-defense-business-unit-at-canatu-4435441852,"SVP/VP, Robotics, Mobility & Defense Business Unit",,scraped,2026-07-07T00:36:41.477903,
37ea15a26ab4a321,https://fi.linkedin.com/jobs/view/project-coordinator-at-mercury-4435062141,Project Coordinator,,scraped,2026-07-07T00:36:48.631641,
8f04341323d4f780,https://fi.linkedin.com/jobs/view/administrative-assistant-at-revvity-4436449309,Administrative Assistant,Revvity,posted,2026-07-07T00:38:06.793890,61
26c350f2b0e4d684,https://fi.linkedin.com/jobs/view/senior-procurement-project-manager-at-ramboll-4437187866,Senior Procurement Project Manager,,scraped,2026-07-07T00:38:09.487299,
8e59edc8e0d6dd01,https://fi.linkedin.com/jobs/view/data-analyst-controlling-at-stora-enso-4435062338,"Data Analyst, Controlling",Stora Enso,posted,2026-07-07T00:38:25.992193,63
fd063f8dbd67ff09,https://fi.linkedin.com/jobs/view/uusi-myym%C3%A4l%C3%A4avaus-myyj%C3%A4-rovaniemi-at-partioaitta-4435202928,"Uusi myymäläavaus, myyjä, Rovaniemi",Partioaitta,posted,2026-07-07T00:39:42.855894,65
6a51a8a3ef14254d,https://fi.linkedin.com/jobs/view/electrical-engineer-at-winthrop-technologies-4393864445,Electrical Engineer,,scraped,2026-07-07T00:39:45.543028,
4ff6cbfc6c72afa3,https://fi.linkedin.com/jobs/view/machine-learning-engineer-at-iceye-4436318253,Machine Learning Engineer,,scraped,2026-07-07T00:39:52.181823,
b231acd9f5440b19,https://fi.linkedin.com/jobs/view/onsite-it-support-dispatch-freelance-at-teceze-4432317450,Onsite IT Support. Dispatch/Freelance,TECEZE,posted,2026-07-07T00:40:07.518706,67
c6dce20eac274ffd,https://fi.linkedin.com/jobs/view/mechanical-qa-qc-inspector-hamina-145092-at-jones-engineering-4437499330,Mechanical QA/QC Inspector - Hamina - 145092,,scraped,2026-07-07T00:40:10.172268,
40a8ae9ef9e91c81,https://fi.linkedin.com/jobs/view/investment-director-at-origin-by-ocean-4435504746,Investment Director,,scraped,2026-07-07T00:40:17.739895,
923b674e7e50fce5,https://fi.linkedin.com/jobs/view/key-account-manager-at-nestl%C3%A9-4434994177,Key Account Manager,Nestlé,posted,2026-07-07T00:41:37.230837,69
24243635d3812cdb,https://fi.linkedin.com/jobs/view/government-relations-public-policy-manager-finland-at-tiktok-4436035858,"Government Relations & Public Policy Manager, Finland",TikTok,posted,2026-07-07T00:41:46.503947,71
cd9ee8d11d4c8448,https://fi.linkedin.com/jobs/view/koneistaja-at-protohouse-finland-oy-4432398304,Koneistaja,,scraped,2026-07-07T00:41:48.975703,
466d436142b29d94,https://fi.linkedin.com/jobs/view/s%C3%A4hk%C3%B6verkkoasentajia-p%C3%A4ij%C3%A4t-h%C3%A4meeseen-at-sol-%E2%98%80-4434653101,Sähköverkkoasentajia Päijät-Hämeeseen,,scraped,2026-07-07T00:41:55.065681,
8e9ec27a934629f0,https://fi.linkedin.com/jobs/view/tienaa-3000%E2%80%935000-%E2%82%AC-kk-ja-aja%C2%A0omalla-k%C3%A4ytt%C3%B6etuautolla-%E2%80%93-myyj%C3%A4ksi%C2%A0verisurelle%21%C2%A0-at-verisure-4432390310,Tienaa 3000–5000 €/kk ja aja omalla käyttöetuautolla – Myyjäksi Verisurelle!,,scraped,2026-07-07T00:42:02.378382,
3b8f02ff411913c9,https://fi.linkedin.com/jobs/view/cra-fully-client-dedicated-finland-at-thermo-fisher-scientific-4424867448,CRA-fully client dedicated- Finland,Thermo Fisher Scientific,posted,2026-07-07T00:42:14.886031,73
4b2aaf20fd9254c4,https://fi.linkedin.com/jobs/view/jr-project-developer-at-polarnode-4437163250,(Jr.) Project Developer,,scraped,2026-07-07T00:42:17.536616,
6bcdf62706e1603f,https://fi.linkedin.com/jobs/view/edustaja-yritysasiakkaat-l%C3%A4hitapiola-loimi-h%C3%A4me-at-l%C3%A4hitapiola-4437144954,"Edustaja, yritysasiakkaat, LähiTapiola Loimi-Häme",,scraped,2026-07-07T00:43:30.409225,
00118fbee0d1c58a,https://fi.linkedin.com/jobs/view/customer-success-specialist-joensuu-tampere-at-elisa-4435462848,"Customer Success Specialist (Joensuu, Tampere)",,scraped,2026-07-07T00:43:37.709247,
14a640dd4ddea53f,https://fi.linkedin.com/jobs/view/kuljetustensuunnittelija-at-ssab-4432334937,Kuljetustensuunnittelija,,scraped,2026-07-07T00:44:48.440578,
f2f1e64d05b95655,https://fi.linkedin.com/jobs/view/application-owner-at-metso-4433838025,Application Owner,,scraped,2026-07-07T00:44:55.092441,
0cb51ab4da9ff645,https://fi.linkedin.com/jobs/view/engineering-manager-at-afry-4427550383,Engineering Manager,,scraped,2026-07-07T00:45:02.261104,
156349f25ab0318a,https://fi.linkedin.com/jobs/view/product-specialist-valtra-smartfarming-at-agco-corporation-4435218581,"Product Specialist, Valtra SmartFarming",AGCO Corporation,posted,2026-07-07T00:45:17.196681,75
5712cb6a0c0ac099,https://fi.linkedin.com/jobs/view/omakotiapu-alueyritt%C3%A4ji%C3%A4-at-omakotiapu-4432388032,Omakotiapu alueyrittäjiä,Omakotiapu,posted,2026-07-07T00:45:26.043115,77
6f8a83175c07fdfa,https://fi.linkedin.com/jobs/view/game-lead-woodturning-at-voodoo-4426338480,Game Lead - Woodturning,,scraped,2026-07-07T00:45:28.647270,
ca39b5dedc9d1d06,https://fi.linkedin.com/jobs/view/l%C3%A4hihoitaja-resurssipooli-eri-paikkakunnat-l%C3%A4nsi-uudenmaan-hyvinvointialue-at-l%C3%A4nsi-uudenmaan-hyvinvointialue-4433653517,"Lähihoitaja, resurssipooli (eri paikkakunnat), Länsi-Uudenmaan hyvinvointialue",Länsi-Uudenmaan hyvinvointialue,posted,2026-07-07T00:46:46.164084,79
3b6d0c952539a5ea,https://fi.linkedin.com/jobs/view/lead-energy-strategic-negotiator-finnish-english-at-google-4426102836,"Lead, Energy Strategic Negotiator (Finnish, English)",Google,posted,2026-07-07T00:46:55.792097,81
8b1fca2199b2a565,https://fi.linkedin.com/jobs/view/myyntiedustaja-at-berner-4433151871,Myyntiedustaja,,scraped,2026-07-07T00:46:58.392612,
3d759ebec2936e71,https://fi.linkedin.com/jobs/view/tie-ja-katusuunnittelija-at-ramboll-4433857720,Tie- ja katusuunnittelija,,scraped,2026-07-07T00:47:05.688367,
f2c6e20f9798e1be,https://fi.linkedin.com/jobs/view/myyj%C3%A4-10h-vko-kouvola-m%C3%A4%C3%A4r%C3%A4aik-at-musti-ja-mirri-oy-4433190819,"Myyjä 10h/vko, Kouvola (määräaik.)",,scraped,2026-07-07T00:48:16.781918,
9d88cbfcf38a8020,https://fi.linkedin.com/jobs/view/accounting-specialist-taloushallinnon-asiantuntija-at-greenstep-4432785025,"Accounting Specialist, taloushallinnon asiantuntija",,scraped,2026-07-07T00:48:24.026894,
3236411db9943619,https://fi.linkedin.com/jobs/view/sales-representative-at-in-1%25-4433163312,Sales Representative,In 1%,posted,2026-07-07T00:48:40.312962,83
945e4f1bc9024119,https://fi.linkedin.com/jobs/view/store-manager-at-ninepine-4433939933,Store Manager,,scraped,2026-07-07T00:48:42.897258,
848040b8079a72e4,https://fi.linkedin.com/jobs/view/myyj%C3%A4-oulu-at-bravida-finland-oy-4433942315,Myyjä Oulu,,scraped,2026-07-07T00:48:50.901283,
192186f436cec91b,https://fi.linkedin.com/jobs/view/myyj%C3%A4-jyv%C3%A4skyl%C3%A4-at-bravida-finland-oy-4433958807,Myyjä Jyväskylä,,scraped,2026-07-07T00:48:58.175781,
b11413f1447a946a,https://fi.linkedin.com/jobs/view/equipment-assistant-at-apukka-resort-4435444835,Equipment Assistant,Apukka Resort,posted,2026-07-07T00:49:14.215832,85
7f2c275e00161b1c,https://fi.linkedin.com/jobs/view/s%C3%A4hk%C3%B6asentaja-lantm%C3%A4nnen-cerealia-finland-kotka-at-lantm%C3%A4nnen-4433929785,"Sähköasentaja, Lantmännen Cerealia Finland, Kotka",,scraped,2026-07-07T00:49:16.789883,
3acbd55dcc6a4cf8,https://fi.linkedin.com/jobs/view/palveluvastaava-pilke-bro-at-pilke-p%C3%A4iv%C3%A4kodit-oy-4437425112,Palveluvastaava Pilke Bro,,scraped,2026-07-07T00:49:23.766786,
fa28f4a10bebce66,https://fi.linkedin.com/jobs/view/bim-coordinator-vaasa-at-winthrop-technologies-4407333576,BIM Coordinator Vaasa,,scraped,2026-07-07T00:50:34.657329,
e1cc4c7e2f36d431,https://fi.linkedin.com/jobs/view/s%C3%A4hk%C3%B6asema-asentaja-at-enersense-4433151693,Sähköasema-asentaja,,scraped,2026-07-07T00:51:44.989230,
bc8117648f2be9c7,https://fi.linkedin.com/jobs/view/huoltoasentaja-s%C3%A4hk%C3%B6-kouvola-tai-kotka-at-caverion-4436093932,"Huoltoasentaja, sähkö, Kouvola tai Kotka",,scraped,2026-07-07T00:51:52.289800,
eab6b4e41919f099,https://fi.linkedin.com/jobs/view/technology-lead-bmc-remedy-at-ampstek-4436092067,Technology Lead-BMC Remedy,Ampstek,posted,2026-07-07T00:52:07.581234,87
89d518ec1c3db032,https://fi.linkedin.com/jobs/view/varustety%C3%B6ntekij%C3%A4-at-apukka-resort-4435447685,Varustetyöntekijä,Apukka Resort,posted,2026-07-07T00:52:19.559252,89
c29cf0f5fbb9ee85,https://fi.linkedin.com/jobs/view/mets%C3%A4asiantuntija-joensuu-at-stora-enso-4430372151,"Metsäasiantuntija, Joensuu",Stora Enso,posted,2026-07-07T00:52:31.846325,91
c46be7f5f98d1483,https://fi.linkedin.com/jobs/view/asiakasvastaava-at-broman-group-oy-4434661233,Asiakasvastaava,,scraped,2026-07-07T00:52:34.507920,
2656d53ca73d8932,https://fi.linkedin.com/jobs/view/varhaiskasvatuksen-opettaja-harmotien-p%C3%A4iv%C3%A4koti-at-vantaan-kaupunki-vanda-stad-city-of-vantaa-4436956022,"Varhaiskasvatuksen opettaja, Harmotien päiväkoti",,scraped,2026-07-07T00:53:45.287260,
8f2882711560a7cd,https://fi.linkedin.com/jobs/view/mets%C3%A4asiantuntija-polvij%C3%A4rvi-juuka-at-stora-enso-4430353175,"Metsäasiantuntija, Polvijärvi-Juuka",Stora Enso,posted,2026-07-07T00:54:03.874549,93
4cfdbfddb8da5c96,https://fi.linkedin.com/jobs/view/ehs-advisor-at-mercury-4416733229,EHS Advisor,,scraped,2026-07-07T00:54:06.522512,
7a69c3e2b63f607d,https://fi.linkedin.com/jobs/view/bmc-remedy-technology-lead-at-ampstek-4435080016,BMC Remedy Technology Lead,Ampstek,posted,2026-07-07T00:54:19.211405,95
dfcf6ca222799c85,https://fi.linkedin.com/jobs/view/mets%C3%A4asiantuntija-kuopio-vehmersalmi-at-stora-enso-4430363194,"Metsäasiantuntija, Kuopio-Vehmersalmi",Stora Enso,posted,2026-07-07T00:54:31.303967,97
3981e13d6b77e4aa,https://fi.linkedin.com/jobs/view/myyj%C3%A4-normal-kempele-zeppelin-at-normal-a-s-4435201693,Myyjä Normal Kempele Zeppelin,,scraped,2026-07-07T00:54:33.899461,
c1f34afdd2b4d1e0,https://fi.linkedin.com/jobs/view/pilke-unikko-ope%2B-at-pilke-p%C3%A4iv%C3%A4kodit-oy-4436164758,Pilke Unikko ope+,,scraped,2026-07-07T00:54:41.699859,
9f1cbd184b21f40e,https://fi.linkedin.com/jobs/view/senior-authorised-person-at-mercury-4285767463,Senior Authorised Person,,scraped,2026-07-07T00:55:52.127149,
5a9e06251dfe80fb,https://fi.linkedin.com/jobs/view/category-manager-finland-maternity-cover-at-hero-4436308134,"Category Manager, Finland (Maternity Cover)",,scraped,2026-07-07T00:55:58.443813,
6964f94b84326990,https://fi.linkedin.com/jobs/view/p%C3%A4%C3%A4suunnittelija-at-eltel-4434994911,Pääsuunnittelija,,scraped,2026-07-07T00:56:05.701738,
076009b0a81a2e03,https://fi.linkedin.com/jobs/view/ai-adoption-mentor-%E2%80%94-test-automation-qa-at-unikie-4436101289,AI Adoption Mentor — Test Automation & QA,,scraped,2026-07-07T00:57:15.682072,
5d456f35085be172,https://fi.linkedin.com/jobs/view/commercial-manager-at-mercury-4271311844,Commercial Manager,,scraped,2026-07-07T00:58:26.273834,
7a740daf0b60d021,https://fi.linkedin.com/jobs/view/talent-acquisition-partner-%E2%80%93-data-centres-infrastructure-to-helsinki-finland-on-site-at-worldwiders-recruitment-4436752344,"Talent Acquisition Partner – Data Centres & Infrastructure to Helsinki, Finland (On-site)",,scraped,2026-07-07T00:58:32.704218,
4980a56dc01d6a43,https://fi.linkedin.com/jobs/view/palvelukoordinaattori-at-atea-finland-oy-4435521374,Palvelukoordinaattori,,scraped,2026-07-07T00:58:39.599720,
5e9336a24810414e,https://fi.linkedin.com/jobs/view/game-lead-flappy-dunk-at-voodoo-4426332552,Game Lead - Flappy Dunk,,scraped,2026-07-07T00:59:50.126681,
a8d3bebc0df2b85f,https://fi.linkedin.com/jobs/view/edustaja-henkil%C3%B6asiakkaat-l%C3%A4hitapiola-loimi-h%C3%A4me-at-l%C3%A4hitapiola-4435557967,"Edustaja, henkilöasiakkaat, LähiTapiola Loimi-Häme",,scraped,2026-07-07T00:59:56.312276,
5d6b7f6c8453e813,https://fi.linkedin.com/jobs/view/bim-coordinator-at-pe-global-4435516697,BIM Coordinator,,scraped,2026-07-07T01:00:04.029728,
879c0c5c4fe10bcb,https://fi.linkedin.com/jobs/view/data-center-facilities-management-fm-engineer-at-tiktok-4436048426,Data Center Facilities Management (FM) Engineer,TikTok,posted,2026-07-07T01:00:19.767834,99
b73fae48ae06fe31,https://fi.linkedin.com/jobs/view/henkil%C3%B6kohtainen-avustaja-at-validia-4434311542,Henkilökohtainen avustaja,,scraped,2026-07-07T01:00:22.450629,
8c346e6ebb10ac1c,https://fi.linkedin.com/jobs/view/postdoctoral-researcher-space-physics-at-6g-flagship-4434989628,"Postdoctoral Researcher, Space Physics",,scraped,2026-07-07T01:00:29.778988,
c9345fb7a81f7bbc,https://fi.linkedin.com/jobs/view/python-qa-lead-remote-at-yo-it-consulting-4435719381,Python QA Lead - Remote,,scraped,2026-07-07T01:01:41.462204,
18dda0b403817bd6,https://fi.linkedin.com/jobs/view/director-product-management-at-duckduckgo-4435490232,"Director, Product Management",,scraped,2026-07-07T01:01:47.819075,
5f11b185200aafab,https://fi.linkedin.com/jobs/view/customer-success-specialist-at-cactos-4435449645,Customer Success Specialist,,scraped,2026-07-07T01:01:54.573964,
665e54b866f105b1,https://fi.linkedin.com/jobs/view/shuttle-bus-guide-at-apukka-resort-4435442838,Shuttle Bus Guide,Apukka Resort,posted,2026-07-07T01:02:11.412225,101
c8fd2779f22b3888,https://fi.linkedin.com/jobs/view/samlink-business-analyst-at-kyndryl-4435405568,Samlink Business Analyst,,scraped,2026-07-07T01:02:14.070474,
d582f6bfccdf504e,https://fi.linkedin.com/jobs/view/service-technician-mekaanikko-helsinki-vantaa-at-tesla-4436311301,Service Technician / Mekaanikko - Helsinki - Vantaa,Tesla,posted,2026-07-07T01:03:35.946868,103
a96bf6d323a49911,https://fi.linkedin.com/jobs/view/johdon-assistentti-rakennus-ja-yhdyskuntatekniikan-yksikk%C3%B6-teknillinen-tiedekunta-at-6g-flagship-4435561097,"Johdon assistentti, Rakennus- ja yhdyskuntatekniikan yksikkö, Teknillinen tiedekunta",,scraped,2026-07-07T01:03:38.484162,
b97b6de1b64991ea,https://fi.linkedin.com/jobs/view/civils-manager-at-winthrop-technologies-4377270808,Civils Manager,,scraped,2026-07-07T01:04:49.434604,
0b5e71193c357ce9,https://fi.linkedin.com/jobs/view/area-sales-manager-at-trelleborg-group-4434961865,Area Sales Manager,,scraped,2026-07-07T01:04:56.277628,
782ad3cdabd173d6,https://fi.linkedin.com/jobs/view/go-qa-lead-remote-at-yo-it-consulting-4435704809,Go QA Lead - Remote,,scraped,2026-07-07T01:05:03.326285,
d297af8a4dd604c5,https://fi.linkedin.com/jobs/view/supply-chain-co-founder-head-of-engineering-100-%25-remote-m-f-d-at-ewor-4435488048,Supply Chain Co-Founder / Head of Engineering (100 % remote) (m/f/d),,scraped,2026-07-07T01:05:09.676215,
4bdf907559498518,https://fi.linkedin.com/jobs/view/keitti%C3%B6n-vuorop%C3%A4%C3%A4llikk%C3%B6-p%C3%A4%C3%A4kaupunkiseutu-at-huuva-4435254403,"Keittiön vuoropäällikkö, Pääkaupunkiseutu",,scraped,2026-07-07T01:06:19.785875,
a4f7d436948cc9db,https://fi.linkedin.com/jobs/view/accountant-at-gallagher-4437435331,Accountant,,scraped,2026-07-07T01:06:26.675689,
44deab60ad048f7a,https://fi.linkedin.com/jobs/view/charg%C3%A9-e-d%E2%80%99affaires-en-alternance-at-attila-nancy-sud-4436917343,Chargé(e) d’affaires en alternance,,scraped,2026-07-07T01:06:39.823931,
c433ab7644c8d5ee,https://fi.linkedin.com/jobs/view/process-engineer-sipfab-3-positions-prosessi-insin%C3%B6%C3%B6ri-sipfab-3-teht%C3%A4v%C3%A4%C3%A4-at-tampere-university-4426943251,"Process Engineer (SiPFAB), 3 positions / Prosessi-insinööri (SiPFAB), 3 tehtävää",Tampere University,posted,2026-07-07T01:09:11.047924,105
563d1239e169901c,https://fi.linkedin.com/jobs/view/c-quality-assurance-lead-remote-at-yo-it-consulting-4435408004,C Quality Assurance Lead - Remote,,scraped,2026-07-07T01:09:13.790184,
6f32e82ab14e7a30,https://fi.linkedin.com/jobs/view/tapahtumaty%C3%B6ntekij%C3%B6it%C3%A4-at-lager-157-4434342817,TAPAHTUMATYÖNTEKIJÖITÄ,,scraped,2026-07-07T01:09:20.281374,
35f9b20de32eb009,https://fi.linkedin.com/jobs/view/doctoral-researcher-atmospheric-sciences-at-university-of-helsinki-4428034891,"Doctoral Researcher, Atmospheric Sciences",University of Helsinki,posted,2026-07-07T01:09:36.535530,107
920ebdc6e3ffee95,https://fi.linkedin.com/jobs/view/peltisepp%C3%A4-at-pellista-oy-4431596073,Peltiseppä,,scraped,2026-07-07T01:09:39.412383,
3e2d4848ed946ae1,https://fi.linkedin.com/jobs/view/mep-quality-manager-at-clear-4436091158,MEP QUALITY MANAGER,,scraped,2026-07-07T01:09:48.390607,
ac1d5bcf2110e20f,https://fi.linkedin.com/jobs/view/johtava-juristi-at-varma-4431569756,Johtava juristi,,scraped,2026-07-07T01:10:59.112268,
0d2ceac33cc60215,https://fi.linkedin.com/jobs/view/product-manager-at-azelis-4417489906,Product Manager,,scraped,2026-07-07T01:11:06.068777,
9ae1614ed3606fc6,https://fi.linkedin.com/jobs/view/civil-discipline-engineer-at-sumitomo-shi-fw-4429504871,Civil Discipline Engineer,,scraped,2026-07-07T01:11:13.275548,
74e6fa1c4a708df1,https://fi.linkedin.com/jobs/view/lead-electrical-engineer-at-g2-recruitment-4434996757,Lead Electrical Engineer,,scraped,2026-07-07T01:11:20.611902,
476669f5f6467176,https://fi.linkedin.com/jobs/view/keitti%C3%B6mestari-mustaan-lampaaseen-at-ravintolamestarit-oy-4432757376,Keittiömestari Mustaan Lampaaseen,,scraped,2026-07-07T01:11:27.728195,
bc1629979bc37fea,https://fi.linkedin.com/jobs/view/l%C3%A4hihoitaja-lehmuskartano-kirkkonummi-at-l%C3%A4nsi-uudenmaan-hyvinvointialue-4435510445,"Lähihoitaja, Lehmuskartano, Kirkkonummi",,scraped,2026-07-07T01:12:40.765814,
e87e362e014c8096,https://fi.linkedin.com/jobs/view/kriittisen-ymp%C3%A4rist%C3%B6n-teknikko-s%C3%A4hk%C3%B6%E2%80%91-lvi%E2%80%91-ja-kunn-critical-environment-technician-at-microsoft-4436946474,"Kriittisen ympäristön teknikko sähkö‑, LVI‑ ja kunn / Critical Environment Technician",Microsoft,posted,2026-07-07T01:12:59.155156,109
e617205d85eac50a,https://fi.linkedin.com/jobs/view/product-manager-at-mezzoforte-oy-huutokaupat-com-4432350559,Product Manager,,scraped,2026-07-07T01:13:01.880428,
6fddae082a25144e,https://fi.linkedin.com/jobs/view/regional-it-ot-specialist-for-bu-service-at-hitachi-energy-4434630505,Regional IT/OT Specialist for BU Service,,scraped,2026-07-07T01:13:09.654422,
75afb52ef4199f0d,https://fi.linkedin.com/jobs/view/lead-people-technology-analytics-at-aiven-4432776438,"Lead, People Technology & Analytics",,scraped,2026-07-07T01:14:19.907767,
e175fe012aa8db54,https://fi.linkedin.com/jobs/view/ty%C3%B6njohtaja-at-stena-recycling-finland-4435451517,Työnjohtaja,,scraped,2026-07-07T01:14:26.512956,
9aac8fbdd02b8cc3,https://fi.linkedin.com/jobs/view/ai-adoption-mentor-%E2%80%94-embedded-engineering-at-unikie-4436104081,AI Adoption Mentor — Embedded Engineering,,scraped,2026-07-07T01:15:37.916879,
60dde7337c1b1055,https://fi.linkedin.com/jobs/view/commissioning-manager-at-vallum-associates-4437195545,Commissioning Manager,,scraped,2026-07-07T01:15:45.161079,
0c601cc648704b34,https://fi.linkedin.com/jobs/view/opettaja-pilke-unikko-at-pilke-p%C3%A4iv%C3%A4kodit-oy-4436178075,Opettaja Pilke Unikko,,scraped,2026-07-07T01:15:52.746615,
a652b07e738513f0,https://fi.linkedin.com/jobs/view/sr-director-analyst-innovation-and-emerging-technologies-remote-europe-at-gartner-4414069523,Sr Director Analyst - Innovation and Emerging Technologies (Remote: Europe),Gartner,posted,2026-07-07T01:16:28.323479,111
af6cc965617cd8bb,https://fi.linkedin.com/jobs/view/sous-chef-hotel-k%C3%A4mp-at-strawberry-4435111637,Sous Chef - Hotel Kämp,,scraped,2026-07-07T01:16:31.304149,
d7a2bc936e2a1636,https://fi.linkedin.com/jobs/view/hakija-ja-opiskelijapalveluiden-p%C3%A4%C3%A4llikk%C3%B6-at-vantaan-kaupunki-vanda-stad-city-of-vantaa-4436933979,Hakija- ja opiskelijapalveluiden päällikkö,,scraped,2026-07-07T01:17:41.601764,
80d41ba66658c5c8,https://fi.linkedin.com/jobs/view/senior-react-native-developer-crypto-wallet-at-jobgether-4435791016,Senior React Native Developer (Crypto-wallet),,scraped,2026-07-07T01:18:53.180483,
0bd7618973e6db1a,https://fi.linkedin.com/jobs/view/embedded-developer-at-isoskills-4436714375,Embedded Developer,,scraped,2026-07-07T01:18:59.872525,
6e83b105b185e2cf,https://fi.linkedin.com/jobs/view/yritt%C3%A4j%C3%A4-%C3%A4rr%C3%A4lle-turun-yliopistonkadulle-at-r%E2%80%91kioski-4435168443,Yrittäjä Ärrälle Turun Yliopistonkadulle,,scraped,2026-07-07T01:19:09.900446,
bcbee1478b6ac67a,https://fi.linkedin.com/jobs/view/projektip%C3%A4%C3%A4llikk%C3%B6-vesivoima-hydro-at-elcoline-group-4436435380,Projektipäällikkö - Vesivoima (Hydro),,scraped,2026-07-07T01:19:17.910360,
4c3c0eb0f2174d27,https://fi.linkedin.com/jobs/view/project-manager-op-pmo-at-neste-4436091449,"Project Manager, OP PMO",,scraped,2026-07-07T01:19:25.083940,
757b4faf51109832,https://fi.linkedin.com/jobs/view/java-qa-lead-remote-at-yo-it-consulting-4435013568,Java QA Lead - Remote,,scraped,2026-07-07T01:19:32.497162,
8b9c685b255fa0da,https://fi.linkedin.com/jobs/view/financial-policy-officer-based-in-luxembourg-at-european-investment-bank-eib-4435310704,Financial Policy Officer - based in Luxembourg,,scraped,2026-07-07T01:19:39.011696,
a2076bc0a1e88d49,https://fi.linkedin.com/jobs/view/senior-software-developer-vantaa-or-malaga-at-lumon-suomi-4434360029,"Senior Software Developer, Vantaa or Malaga",,scraped,2026-07-07T01:19:46.119945,
6c5eab25b048dc86,https://fi.linkedin.com/jobs/view/jakelija-liikekumppani-%E2%80%93-suomi-at-biyorem-nordic-4433171403,Jakelija / Liikekumppani – Suomi,,scraped,2026-07-07T01:19:53.571675,
7e9ad3d38b83e204,https://fi.linkedin.com/jobs/view/asiakashankkija-at-tehokatto-4432778194,Asiakashankkija,,scraped,2026-07-07T01:20:00.721009,
3684217750a0dc04,https://fi.linkedin.com/jobs/view/staff-product-designer-at-iceye-4407835185,Staff Product Designer,,scraped,2026-07-07T01:20:13.729917,
d7d26fac515a177b,https://fi.linkedin.com/jobs/view/brand-visual-merchandiser-tommy-hilfiger-helsinki-outlet-at-tommy-hilfiger-4437109961,"Brand Visual Merchandiser, Tommy Hilfiger - Helsinki Outlet",Tommy Hilfiger,posted,2026-07-07T01:21:35.741071,113
8de13a8d1bbc93c0,https://fi.linkedin.com/jobs/view/myyj%C3%A4-valokuitunen-oy-at-rainmaker-mahdollisuus-menesty%C3%A4-4428870072,Myyjä - Valokuitunen Oy,,scraped,2026-07-07T01:21:38.573775,
eb1ab1db3ebfcb5a,https://fi.linkedin.com/jobs/view/v%C3%A4livuodelle-asiakashankkijan-ty%C3%B6t%C3%A4-at-a-lottex-oy-4435436952,Välivuodelle asiakashankkijan työtä,A-Lottex Oy,posted,2026-07-07T01:21:56.236077,115
68ef50376fbe4414,https://fi.linkedin.com/jobs/view/osaamispalveluesimies-ravitsemispalvelut-vantaan-ammattiopisto-varia-at-vantaan-kaupunki-vanda-stad-city-of-vantaa-4436955170,"Osaamispalveluesimies, ravitsemispalvelut, Vantaan ammattiopisto Varia",,scraped,2026-07-07T01:21:58.780818,
a126d08c17c35427,https://fi.linkedin.com/jobs/view/asiakashankkija-mikkeli-at-a-lottex-oy-4435458209,"Asiakashankkija, Mikkeli",A-Lottex Oy,posted,2026-07-07T01:24:26.435389,117
a086bc3f60ae5075,https://fi.linkedin.com/jobs/view/quality-assurance-control-engineer-espoo-at-valuesource-partners-oy-4436183123,"Quality Assurance/Control Engineer, Espoo",,scraped,2026-07-07T01:24:29.089122,
8dbfa2136275ae4a,https://fi.linkedin.com/jobs/view/php-qa-lead-remote-at-yo-it-consulting-4436027163,PHP QA Lead - Remote,,scraped,2026-07-07T01:24:36.752799,
8fb079bae1a3ea10,https://fi.linkedin.com/jobs/view/full-stack-data-scientist-at-vuono-group-4406464824,Full Stack Data Scientist,,scraped,2026-07-07T01:25:46.798550,
16b3d6ed9d084721,https://fi.linkedin.com/jobs/view/analytics-manager-marketing-analytics-at-wolt-4426099690,"Analytics Manager, Marketing Analytics",,scraped,2026-07-07T01:25:53.619705,
20947f2667cb0b4c,https://fi.linkedin.com/jobs/view/bms-engineer-at-winthrop-technologies-4406960777,BMS Engineer,,scraped,2026-07-07T01:26:01.099339,
a4e1339a6be3a366,https://fi.linkedin.com/jobs/view/spawacz-spawaczka-%E2%80%93-monter-monterka-ruroci%C4%85g%C3%B3w-at-praca-pl-4436790561,Spawacz / Spawaczka – Monter / Monterka rurociągów,,scraped,2026-07-07T01:26:07.764664,
f6f8cdee1ab5b0f2,https://fi.linkedin.com/jobs/view/full-stack-developer-ai-at-visma-4436480790,Full-Stack Developer (AI),,scraped,2026-07-07T01:26:15.516814,
84c95aff625a8583,https://fi.linkedin.com/jobs/view/system-engineer-at-iceye-4427036824,System Engineer,,scraped,2026-07-07T01:27:25.773955,
5cae8d69a2aa0449,https://fi.linkedin.com/jobs/view/automyyj%C3%A4-oulu-limingantulli-at-kamux-suomi-oy-4434600958,Automyyjä Oulu Limingantulli,,scraped,2026-07-07T01:27:32.307125,
a4eb4acc05b0fd80,https://fi.linkedin.com/jobs/view/postdoctoral-researcher-atmospheric-sciences-at-university-of-helsinki-4430413305,"Postdoctoral Researcher, Atmospheric Sciences",University of Helsinki,posted,2026-07-07T01:27:48.915021,119
2ab779ca10e9764f,https://fi.linkedin.com/jobs/view/sales-advisor-at-a-s-helsing%C3%B6-4432391767,Sales Advisor,,scraped,2026-07-07T01:27:51.776696,
5c6c8a8c7a7064f4,https://fi.linkedin.com/jobs/view/ty%C3%B6njohtaja-at-metso-4436082714,Työnjohtaja,,scraped,2026-07-07T01:27:58.887474,
d98f28ab2a741add,https://fi.linkedin.com/jobs/view/application-engineer-at-exfo-4378381515,Application Engineer,,scraped,2026-07-07T01:28:06.189320,
1a0ef6ffd520012e,https://fi.linkedin.com/jobs/view/solution-architect-at-patria-4433150712,Solution Architect,,scraped,2026-07-07T01:28:12.936727,
d343857dbc617b4c,https://fi.linkedin.com/jobs/view/tekninen-huoltoedustaja-at-diversey-4425323216,Tekninen huoltoedustaja,Diversey,posted,2026-07-07T01:28:42.276073,121
ec0919553d3fbf9a,https://fi.linkedin.com/jobs/view/varhaiskasvatuksen-opettaja-n%C3%A4%C3%A4t%C3%A4puiston-p%C3%A4iv%C3%A4koti-at-vantaan-kaupunki-vanda-stad-city-of-vantaa-4436942485,"Varhaiskasvatuksen opettaja, Näätäpuiston päiväkoti",,scraped,2026-07-07T01:28:44.997457,
d67036fadea66996,https://fi.linkedin.com/jobs/view/keitti%C3%B6paja-ty%C3%B6kokeilu-nuorten-ty%C3%B6pajat-at-vantaan-kaupunki-vanda-stad-city-of-vantaa-4436955168,"Keittiöpaja, työkokeilu, Nuorten työpajat",,scraped,2026-07-07T01:28:52.445332,
884bf2a7b0b2afba,https://fi.linkedin.com/jobs/view/csa-lead-at-winthrop-technologies-4369549353,CSA Lead,,scraped,2026-07-07T01:28:59.748658,
fe2dd1381948b96a,https://fi.linkedin.com/jobs/view/ty%C3%B6kyvyn-ja-ty%C3%B6suojelun-asiantuntija-ty%C3%B6hyvinvointipalvelut-at-keski-suomen-hyvinvointialue-4436239992,"Työkyvyn ja työsuojelun asiantuntija, työhyvinvointipalvelut",,scraped,2026-07-07T01:30:09.873346,
c77ff6ee747106cb,https://fi.linkedin.com/jobs/view/senior-staff-engineer-computing-architecture-at-axelera-ai-4436401762,Senior/Staff Engineer - Computing Architecture,,scraped,2026-07-07T01:30:19.786283,
9ea254a682ce7c5e,https://fi.linkedin.com/jobs/view/kirjastonhoitaja-myyrm%C3%A4en-kirjastoon-at-vantaan-kaupunki-vanda-stad-city-of-vantaa-4436953240,Kirjastonhoitaja Myyrmäen kirjastoon,,scraped,2026-07-07T01:30:27.198148,
d4dda5a377e4a9de,https://fi.linkedin.com/jobs/view/global-credit-risk-controller-at-evac-group-4436196360,Global Credit & Risk Controller,,scraped,2026-07-07T01:30:34.862308,
436018f8de584f01,https://fi.linkedin.com/jobs/view/doctoral-researcher-nanophotonics-and-meta-optics-v%C3%A4it%C3%B6skirjatutkija-nanofotoniikka-ja-metaoptiikka-at-tampere-university-4428724028,Doctoral Researcher (Nanophotonics and Meta-Optics) / Väitöskirjatutkija (Nanofotoniikka ja metaoptiikka),Tampere University,posted,2026-07-07T01:30:50.661105,123
f99c621d959b8eed,https://fi.linkedin.com/jobs/view/doctoral-researcher-in-the-social-sciences-at-university-of-helsinki-4435452555,Doctoral Researcher in the Social Sciences,University of Helsinki,posted,2026-07-07T01:31:01.203015,125
0ecc90d609eaa143,https://fi.linkedin.com/jobs/view/business-engineer-at-vuono-group-4406701505,Business Engineer,,scraped,2026-07-07T01:31:04.200828,
9f38d2253b4af235,https://fi.linkedin.com/jobs/view/modern-work-specialist-at-fraidei-oy-4431923313,Modern Work Specialist,,scraped,2026-07-07T01:31:11.045736,
1a8dc947830f6949,https://fi.linkedin.com/jobs/view/s%C3%A4hk%C3%B6asemasuunnittelija-toisioj%C3%A4rjestelm%C3%A4t-at-enersense-4431578335,Sähköasemasuunnittelija (toisiojärjestelmät),,scraped,2026-07-07T01:31:17.743799,
60d936d5d223f31c,https://fi.linkedin.com/jobs/view/finance-business-partner-foodservice-sipoo-at-arla-foods-4433177951,"Finance Business Partner, Foodservice - Sipoo",,scraped,2026-07-07T01:32:28.723656,
6c432e817fa43e04,https://fi.linkedin.com/jobs/view/senior-applied-scientist-operations-research-at-wolt-4415674513,"Senior Applied Scientist, Operations Research",,scraped,2026-07-07T01:32:35.570492,
ce9c65ef16a7e70e,https://fi.linkedin.com/jobs/view/ty%C3%B6maap%C3%A4%C3%A4llik%C3%B6it%C3%A4-uudellemaalle-at-anfra-4436092921,Työmaapäälliköitä Uudellemaalle,,scraped,2026-07-07T01:32:52.884421,
4fc1b2df3e173866,https://fi.linkedin.com/jobs/view/attorney-and-lawyer-at-sme-careers-4425611823,Attorney and Lawyer,,scraped,2026-07-07T01:33:01.750379,
e3d25052ddd498fa,https://fi.linkedin.com/jobs/view/product-manager-at-valmet-4437122409,Product Manager,,scraped,2026-07-07T01:33:09.053256,
8091d2756f3f23b5,https://fi.linkedin.com/jobs/view/network-and-client-management-%E2%80%93-uk-at-aurora-live-4422924307,Network and Client Management – UK,,scraped,2026-07-07T01:33:16.078106,
40e3a8f6205bfe95,https://fi.linkedin.com/jobs/view/distributor-sales-intern-at-anker-innovations-4436159449,Distributor Sales Intern,,scraped,2026-07-07T01:33:22.679500,
696f4376bad36dc0,https://fi.linkedin.com/jobs/view/tutkijatohtori-immunologia-m%C3%A4%C3%A4r%C3%A4aikainen-medicity-at-suomen-solubiologit-ry-4436116724,"Tutkijatohtori, immunologia, määräaikainen; MediCity",,scraped,2026-07-07T01:33:29.979331,
788c0599a182b141,https://fi.linkedin.com/jobs/view/global-workplace-experience-specialist-at-supermetrics-4433940879,Global Workplace Experience Specialist,,scraped,2026-07-07T01:33:38.806977,
54ef433d3970dab7,https://fi.linkedin.com/jobs/view/sustainable-procurement-lead-at-orion-pharma-4433108202,Sustainable Procurement Lead,,scraped,2026-07-07T01:33:45.940759,
f390ce87ce9893bf,https://fi.linkedin.com/jobs/view/erityisopettaja-laaja-alainen-viertolan-koulu-at-vantaan-kaupunki-vanda-stad-city-of-vantaa-4436950345,"Erityisopettaja, laaja-alainen, Viertolan koulu",,scraped,2026-07-07T01:33:53.088838,
54ca9ee205393f1c,https://fi.linkedin.com/jobs/view/patrol-vartijoita-p%C3%A4%C3%A4kaupunkiseudulle-at-reila-palvelut-oy-4434396966,Patrol-vartijoita pääkaupunkiseudulle,,scraped,2026-07-07T01:34:01.186419,
e940ef8ca2d9260a,https://fi.linkedin.com/jobs/view/client-analyst-corporate-banking-real-estate-at-swedbank-4433166324,"Client Analyst, Corporate Banking/Real Estate",,scraped,2026-07-07T01:34:09.073881,
5316af5502ecc518,https://fi.linkedin.com/jobs/view/hammashoitaja-at-plusterveys-4437139484,Hammashoitaja,,scraped,2026-07-07T01:34:15.660799,
84009b5fc21ee83c,https://fi.linkedin.com/jobs/view/application-owner-at-metso-4433819898,Application Owner,,scraped,2026-07-07T01:34:22.341878,
b218c01cb37e474d,https://fi.linkedin.com/jobs/view/myyntineuvottelija-helsinkiin-at-a-lottex-oy-4435440905,Myyntineuvottelija Helsinkiin,A-Lottex Oy,posted,2026-07-07T01:34:40.032709,127
b0e671b42b0997bd,https://fi.linkedin.com/jobs/view/l%C3%A4hihoitaja-keikkaty%C3%B6h%C3%B6n-kes%C3%A4ksi-ikipihlaja-set%C3%A4l%C3%A4npihaan-lieto-at-pihlajalinna-4436214081,"Lähihoitaja keikkatyöhön kesäksi Ikipihlaja Setälänpihaan, Lieto",,scraped,2026-07-07T01:34:42.597317,
b9ddebc7953f9645,https://fi.linkedin.com/jobs/view/lehtori-erityisluokanopettaja-oulun-normaalikoulu-at-6g-flagship-4436714392,"Lehtori, erityisluokanopettaja, Oulun normaalikoulu",,scraped,2026-07-07T01:34:49.763250,
f30430525e7f04e5,https://fi.linkedin.com/jobs/view/project-planner-in-systems-biology-immunology-metabolism-at-suomen-solubiologit-ry-4436128132,Project Planner in Systems Biology / Immunology / Metabolism,,scraped,2026-07-07T01:34:58.179820,
2b9b45b3046702bf,https://fi.linkedin.com/jobs/view/key-account-manager-at-wella-company-4433130028,Key Account Manager,,scraped,2026-07-07T01:35:06.767955,
b5cd421c5bc62faa,https://fi.linkedin.com/jobs/view/head-of-sourcing-at-lappset-group-4432347543,Head of Sourcing,,scraped,2026-07-07T01:35:13.518307,
c80a4fc34c07c632,https://fi.linkedin.com/jobs/view/ruskasesonki-myyj%C3%A4-10h-kuusamo-ja-ruka-at-alko-oy-4433309782,"Ruskasesonki, myyjä (10h) Kuusamo ja Ruka",,scraped,2026-07-07T01:35:20.315892,
a87d63e94077e495,https://fi.linkedin.com/jobs/view/civils-lead-at-winthrop-technologies-4415734229,Civils Lead,,scraped,2026-07-07T01:35:27.778709,
9205ba8e7ef53f3f,https://fi.linkedin.com/jobs/view/project-director-at-dentsu-4435473327,Project Director,,scraped,2026-07-07T01:35:34.503557,
3752b0e6f2df7c5d,https://fi.linkedin.com/jobs/view/graduate-csa-engineer-2026-at-winthrop-technologies-4436086361,Graduate CSA Engineer - 2026,,scraped,2026-07-07T01:35:42.642748,
8333a0e8f1539e6d,https://fi.linkedin.com/jobs/view/tie-ja-katusuunnittelija-at-ramboll-4433869384,Tie- ja katusuunnittelija,,scraped,2026-07-07T01:35:49.374904,
f669b5afa8110eac,https://fi.linkedin.com/jobs/view/civils-lead-at-winthrop-technologies-4415735224,Civils Lead,,scraped,2026-07-07T01:35:56.768646,
a0ed3b5da47d0d3a,https://fi.linkedin.com/jobs/view/rakennuttamisen-projektip%C3%A4%C3%A4llikk%C3%B6-tampere-at-granlund-4435476628,"Rakennuttamisen projektipäällikkö, Tampere",,scraped,2026-07-07T01:37:06.982884,
fbef4a0009556292,https://fi.linkedin.com/jobs/view/supplier-development-engineer-at-w%C3%A4rtsil%C3%A4-4437137190,Supplier Development Engineer,,scraped,2026-07-07T01:37:14.504254,
a87280853ce9e70e,https://fi.linkedin.com/jobs/view/yksik%C3%B6np%C3%A4%C3%A4llikk%C3%B6-at-certego-finland-4434339885,Yksikönpäällikkö,,scraped,2026-07-07T01:37:20.841811,
24788c59bd0f1c56,https://fi.linkedin.com/jobs/view/technical-customer-specialist-at-aisti-4431584407,Technical Customer Specialist,,scraped,2026-07-07T01:37:27.372000,
91619240bf3760e3,https://fi.linkedin.com/jobs/view/devops-sysadmin-at-phz-full-stack-4436107218,Devops Sysadmin,,scraped,2026-07-07T01:37:34.526232,
fb38ca85bad4aeb4,https://fi.linkedin.com/jobs/view/technical-support-specialist-at-bluefors-4436059805,Technical Support Specialist,,scraped,2026-07-07T01:37:47.511711,
f05cba6a68bceac5,https://fi.linkedin.com/jobs/view/automaatioinsin%C3%B6%C3%B6ri-at-enico-oy-4424840820,Automaatioinsinööri,,scraped,2026-07-07T01:37:54.261640,
14e0a6126e1776ee,https://fi.linkedin.com/jobs/view/sales-coordinator-finnish-speaking-at-sts-education-group-4434683061,Sales Coordinator - Finnish speaking,,scraped,2026-07-07T01:38:02.232216,
3a666c6d129e8a79,https://fi.linkedin.com/jobs/view/dokumentointi-insin%C3%B6%C3%B6ri-at-etteplan-4436705979,Dokumentointi-insinööri,,scraped,2026-07-07T01:38:10.421009,
aa3bc946d3f2fc42,https://fi.linkedin.com/jobs/view/tax-advisor-indirect-tax-at-kpmg-finland-4431593147,"Tax Advisor, Indirect Tax",,scraped,2026-07-07T01:38:16.970897,
5b1e6a92be9c0bd3,https://fi.linkedin.com/jobs/view/myyj%C3%A4-8-15h-vko-m%C3%A4%C3%A4r%C3%A4aik-at-lindex-4436005958,"Myyjä, 8-15h/vko, määräaik.",,scraped,2026-07-07T01:38:23.999106,
5967189e8fd448e5,https://fi.linkedin.com/jobs/view/sportsbook-risk-management-manager-at-veikkaus-4435441783,Sportsbook Risk Management Manager,,scraped,2026-07-07T01:38:30.780781,
dd1d6ca975b073e4,https://fi.linkedin.com/jobs/view/lead-cyber-security-engineer-at-ge-vernova-4416699208,Lead Cyber Security Engineer,GE Vernova,posted,2026-07-07T01:38:44.706282,129
a3ce68a2fd7bac87,https://fi.linkedin.com/jobs/view/apulaismyym%C3%A4l%C3%A4p%C3%A4%C3%A4llikk%C3%B6-espoon-sellon-myym%C3%A4l%C3%A4%C3%A4mme-at-normal-a-s-4436097516,Apulaismyymäläpäällikkö Espoon Sellon myymäläämme,,scraped,2026-07-07T01:38:47.579163,
680c490d6a53d86d,https://fi.linkedin.com/jobs/view/automation-engineer-at-ucsolutions-oy-4433827108,Automation Engineer,,scraped,2026-07-07T01:38:55.505368,
b6af328895d629d4,https://fi.linkedin.com/jobs/view/health-safety-lead-data-centres-at-turner-townsend-4387969385,Health & Safety Lead - Data Centres,,scraped,2026-07-07T01:39:03.233481,
d1e7507fd9bd7f65,https://fi.linkedin.com/jobs/view/strategy-analyst-at-fennia-4433165505,Strategy Analyst,,scraped,2026-07-07T01:39:10.111971,
a71cfc8a44470d0b,https://fi.linkedin.com/jobs/view/senior-land-management-rangeland-expert-at-ntu-international-a-s-4435824634,Senior Land Management / Rangeland Expert,,scraped,2026-07-07T01:39:17.332689,
2ba5f6b24f74dd0f,https://fi.linkedin.com/jobs/view/senior-product-manager-services-at-polar-4433176316,"Senior Product Manager, Services",,scraped,2026-07-07T01:39:24.509248,
b9bb33dda55c8b8e,https://fi.linkedin.com/jobs/view/project-manager-at-dentsu-4435464541,Project Manager,,scraped,2026-07-07T01:39:31.115939,
07b5ffe33dc36350,https://fi.linkedin.com/jobs/view/global-product-manager-at-revvity-4418060031,Global Product Manager,,scraped,2026-07-07T01:39:39.314657,
b17d096fa9920ad5,https://fi.linkedin.com/jobs/view/portfolio-manager-at-sd-worx-4435705769,Portfolio Manager,,scraped,2026-07-07T01:40:21.497332,
e8709092a37d27f1,https://fi.linkedin.com/jobs/view/structural-manager-at-winthrop-technologies-4377269861,Structural Manager,,scraped,2026-07-07T01:40:28.735885,
08644038757f11c8,https://fi.linkedin.com/jobs/view/hr-planerare-at-folkh%C3%A4lsan-4434318850,HR-planerare,,scraped,2026-07-07T01:40:35.655504,
6908713278fb0286,https://fi.linkedin.com/jobs/view/shift-technician-at-dayone-4432318427,Shift Technician,,scraped,2026-07-07T01:40:43.633167,
3ba2a8e3290f0de2,https://fi.linkedin.com/jobs/view/v%C3%A4it%C3%B6skirjatutkija-hallintotiede-at-tampere-university-4429246631,Väitöskirjatutkija (hallintotiede),Tampere University,posted,2026-07-07T01:40:59.967544,131
b8fc40d700c918a0,https://fi.linkedin.com/jobs/view/doctoral-researcher-phd-student-sustainable-aqueous-processing-of-ni-rich-cathodes-for-lithium-ion-batteries-at-uef-department-of-technical-physics-teknillisen-fysiikan-laitos-4433941214,"Doctoral Researcher (PhD Student), Sustainable Aqueous Processing of Ni-rich Cathodes for Lithium-ion Batteries",,scraped,2026-07-07T01:41:02.594939,
11ff72b3ca9c1ee3,https://fi.linkedin.com/jobs/view/it-manager-tampere-site-at-sandvik-4432355938,"IT Manager, Tampere Site",,scraped,2026-07-07T01:41:09.054865,
a8bedee9ce27bc1a,https://fi.linkedin.com/jobs/view/executive-business-partner-at-reorbit-4421999330,Executive Business Partner,,scraped,2026-07-07T01:41:19.120245,
f4da67bedd0804fc,https://fi.linkedin.com/jobs/view/senior-director-analyst-ai-services-remote-europe-at-gartner-4426098390,Senior Director Analyst - AI Services (Remote: Europe),Gartner,posted,2026-07-07T01:42:46.129748,133
ddc716c9ab3120ea,https://fi.linkedin.com/jobs/view/senior-engineering-manager-at-smartly-4400574205,Senior Engineering Manager,,scraped,2026-07-07T01:42:49.070117,
64b2d13f89e6eff0,https://fi.linkedin.com/jobs/view/p%C3%A4%C3%A4suunnittelija-ja-projektiarkkitehti-tampereelle-at-arkkitehtipalvelu-oy-4433938940,Pääsuunnittelija ja projektiarkkitehti Tampereelle,,scraped,2026-07-07T01:42:56.207325,
7fb79f7341dea659,https://fi.linkedin.com/jobs/view/sr-account-manager-at-honeywell-technologies-4409038429,Sr Account Manager,,scraped,2026-07-07T01:43:04.173763,
c62cf24740f18577,https://fi.linkedin.com/jobs/view/art-director-clash-of-clans-at-supercell-4399057177,"Art Director, Clash of Clans",,scraped,2026-07-07T01:43:23.095899,
070ba1c190c76bea,https://fi.linkedin.com/jobs/view/it-platform-lead-at-supermetrics-4426506612,IT Platform Lead,,scraped,2026-07-07T01:43:29.927561,
a16871bf07359b41,https://fi.linkedin.com/jobs/view/growth-marketer-at-the-flex-4436776411,Growth Marketer,,scraped,2026-07-07T01:43:36.577857,
4eb2ad4ee851fa3c,https://fi.linkedin.com/jobs/view/senior-product-manager-b2b-at-polar-4433178213,"Senior Product Manager, B2B",,scraped,2026-07-07T01:43:43.649195,
73e2012c6caa1ee0,https://fi.linkedin.com/jobs/view/customer-acquisition-manager-private-banking-at-danske-bank-4437113775,"Customer Acquisition Manager, Private Banking",,scraped,2026-07-07T01:43:50.268014,
61c06318c6e16d30,https://fi.linkedin.com/jobs/view/project-manager-at-g2-recruitment-4436750505,Project Manager,,scraped,2026-07-07T01:43:57.798673,
478605cdb681f910,https://fi.linkedin.com/jobs/view/technical-specialist-%E2%80%93-service-operations-at-telenor-4432781508,Technical Specialist – Service Operations,,scraped,2026-07-07T01:44:04.753166,
3a638dd7f15eb557,https://fi.linkedin.com/jobs/view/research-associate-psa-inequality-between-and-within-countries-at-united-nations-university-institute-in-macau-4433123760,Research Associate (PSA) - Inequality Between and Within Countries,United Nations University Institute in Macau,posted,2026-07-07T01:44:22.690537,135
176ac45b08964fae,https://fi.linkedin.com/jobs/view/automaticien-%E2%80%93-programmeur-h-f-at-baudin-chateauneuf-4416581478,Automaticien – Programmeur (H/F),,scraped,2026-07-07T01:44:25.316935,
bd5572e18f1fb0de,https://fi.linkedin.com/jobs/view/csa-supervisor-at-enersense-4429843841,CSA Supervisor,,scraped,2026-07-07T01:44:33.099127,
f8b1bbe99d4e4a19,https://fi.linkedin.com/jobs/view/mittausty%C3%B6njohtaja-at-insin%C3%B6%C3%B6ritoimisto-geocom-oy-4432782203,Mittaustyönjohtaja,,scraped,2026-07-07T01:44:40.310125,
a6dc130092c489ff,https://fi.linkedin.com/jobs/view/sivutoiminen-tuntiopettaja-liikunta-uskonto-ja-el%C3%A4m%C3%A4nkatsomustieto-at-vantaan-kaupunki-vanda-stad-city-of-vantaa-4436937733,"Sivutoiminen tuntiopettaja, liikunta, uskonto ja elämänkatsomustieto",,scraped,2026-07-07T01:44:53.022693,
37b18c133893a85c,https://fi.linkedin.com/jobs/view/recruitment-consultant-at-manpowergroup-4433934781,Recruitment Consultant,,scraped,2026-07-07T01:45:00.603150,
5864afdf777e3780,https://fi.linkedin.com/jobs/view/strategy-partner-at-supercell-4435567367,Strategy Partner,,scraped,2026-07-07T01:45:08.628874,
ff8a0619bd092904,https://fi.linkedin.com/jobs/view/sports-data-collector-football-rovaniemi-finland-at-genius-sports-4414051301,"Sports Data Collector (Football) - Rovaniemi, Finland",,scraped,2026-07-07T01:45:15.498036,
dcb5084b5e02af96,https://fi.linkedin.com/jobs/view/sr-sales-manager-finland-baltics-europe-north-at-amazon-web-services-aws-4408594303,"Sr Sales Manager, Finland & Baltics, Europe North",Amazon Web Services (AWS),posted,2026-07-07T01:45:37.936503,137
90c00a805d08de38,https://fi.linkedin.com/jobs/view/stedi-j%C3%A4rjestyksenvalvojia-prjv-prisma-keravalle-ja-j%C3%A4rvenp%C3%A4%C3%A4h%C3%A4n-at-reila-palvelut-oy-4434360012,Stedi-järjestyksenvalvojia (PRJV) Prisma Keravalle ja Järvenpäähän,,scraped,2026-07-07T01:45:40.606488,
71e2c309a69921b5,https://fi.linkedin.com/jobs/view/myyji%C3%A4-stadium-outlet-kuopio-at-stadium-4432755168,Myyjiä - Stadium Outlet Kuopio,,scraped,2026-07-07T01:45:48.382860,
dc4331cdfb38e673,https://fi.linkedin.com/jobs/view/varhaiskasvatuksen-opettaja-keimolanm%C3%A4en-p%C3%A4iv%C3%A4kotiin-at-vantaan-kaupunki-vanda-stad-city-of-vantaa-4436934874,Varhaiskasvatuksen opettaja Keimolanmäen päiväkotiin,,scraped,2026-07-07T01:45:55.064899,
4a94ab5d2e83060e,https://fi.linkedin.com/jobs/view/ryhm%C3%A4p%C3%A4%C3%A4llikk%C3%B6-geotekninen-suunnittelu-at-rejlers-4433329637,"Ryhmäpäällikkö, geotekninen suunnittelu",,scraped,2026-07-07T01:46:02.798505,
502d6f92043d6f8c,https://fi.linkedin.com/jobs/view/lvi-suunnittelija-teollisuus-at-afry-4435132296,"LVI-suunnittelija, teollisuus",,scraped,2026-07-07T01:46:10.039488,
3f91a00fdf1444c4,https://fi.linkedin.com/jobs/view/s%C3%A4hk%C3%B6ratasuunnittelija-at-afry-4428144992,Sähköratasuunnittelija,,scraped,2026-07-07T01:46:16.854076,
1f6d089c13958d9c,https://fi.linkedin.com/jobs/view/microsoft-fabric-consultant-developer-greenstep-multiple-locations-at-greenstep-4433958840,"Microsoft Fabric Consultant / Developer, Greenstep (multiple locations)",,scraped,2026-07-07T01:46:23.184704,
d90ec692154bad7b,https://fi.linkedin.com/jobs/view/asiantuntija-kuntoarviot-tdd-ja-takuuaikaiset-tarkastukset-at-afry-4436192844,"Asiantuntija / Kuntoarviot, TDD ja takuuaikaiset tarkastukset",,scraped,2026-07-07T01:46:31.324160,
09121e5a0d982714,https://fi.linkedin.com/jobs/view/rakennesuunnittelija-at-afry-4435808550,Rakennesuunnittelija,,scraped,2026-07-07T01:46:37.568887,
36799ac12be1ece8,https://fi.linkedin.com/jobs/view/kokenut-s%C3%A4hk%C3%B6suunnittelija-at-afry-4432350064,Kokenut sähkösuunnittelija,,scraped,2026-07-07T01:46:44.097847,
2281ae1d485c774c,https://fi.linkedin.com/jobs/view/supplier-development-engineer-at-w%C3%A4rtsil%C3%A4-4437128668,Supplier Development Engineer,,scraped,2026-07-07T01:46:50.780732,
f39de5adcef1dff5,https://fi.linkedin.com/jobs/view/hallintoassistentti-yleishallinnon-tuki-at-helsingin-kaupunki-%E2%80%93-helsingfors-stad-%E2%80%93-city-of-helsinki-4432367061,"Hallintoassistentti, Yleishallinnon tuki",,scraped,2026-07-07T01:46:57.381234,
7defb551ac362797,https://fi.linkedin.com/jobs/view/p%C3%A4%C3%A4toiminen-tuntiopettaja-vuorovaikutus-ja-viestint%C3%A4-%C3%A4idinkielell%C3%A4-suomi-at-vantaan-kaupunki-vanda-stad-city-of-vantaa-4436941583,"Päätoiminen tuntiopettaja, vuorovaikutus ja viestintä äidinkielellä, suomi",,scraped,2026-07-07T01:47:05.379591,
a39cbec53bc46947,https://fi.linkedin.com/jobs/view/microsoft-fabric-consultant-developer-greenstep-multiple-locations-at-greenstep-4433958839,"Microsoft Fabric Consultant / Developer, Greenstep (multiple locations)",,scraped,2026-07-07T01:47:13.049507,
36421d7d81cb5a6d,https://fi.linkedin.com/jobs/view/terveydenhuoltotutkimuksen-apulaisprofessori-assistant-professor-or-associate-professor-in-health-services-research-at-tampere-university-4426628190,Terveydenhuoltotutkimuksen apulaisprofessori / Assistant Professor or Associate Professor in health services research,Tampere University,posted,2026-07-07T01:47:30.197682,139
aad0bbaeb46bb337,https://fi.linkedin.com/jobs/view/projektip%C3%A4%C3%A4llikk%C3%B6-laskeutumis-ja-kasvupalvelut-kansainv%C3%A4lisille-startup-yrityksille-at-vantaan-kaupunki-vanda-stad-city-of-vantaa-4436942490,"Projektipäällikkö, Laskeutumis- ja kasvupalvelut kansainvälisille startup-yrityksille",,scraped,2026-07-07T01:47:32.859248,
2f916360af7985b7,https://fi.linkedin.com/jobs/view/microsoft-fabric-consultant-developer-greenstep-multiple-locations-at-greenstep-4433969588,"Microsoft Fabric Consultant / Developer, Greenstep (multiple locations)",,scraped,2026-07-07T01:47:40.218433,
532a026fa2eeec4b,https://fi.linkedin.com/jobs/view/ofci-cfci-manager-at-mercury-4425857026,OFCI/ CFCI Manager,,scraped,2026-07-07T01:47:47.925400,
5e3ed621ceb4984c,https://fi.linkedin.com/jobs/view/vastuullisuus-ja-riskienhallinnan-asiantuntija-at-afry-4428809481,Vastuullisuus- ja riskienhallinnan asiantuntija,,scraped,2026-07-07T01:47:54.664359,
01d59b3c239fe76e,https://fi.linkedin.com/jobs/view/development-manager-investment-portfolio-management-at-neste-4436047629,"Development Manager, Investment Portfolio & Management",,scraped,2026-07-07T01:48:01.108504,
ee46508e58fcb389,https://fi.linkedin.com/jobs/view/k%C3%A4ytt%C3%B6%C3%B6nottop%C3%A4%C3%A4llikk%C3%B6-at-sweco-4427200640,Käyttöönottopäällikkö,,scraped,2026-07-07T01:48:08.064116,
ced0f0b29f9005e8,https://fi.linkedin.com/jobs/view/regional-hr-operations-specialist-fixed-term-contract-at-wolt-4426244187,Regional HR Operations Specialist (Fixed-term Contract),,scraped,2026-07-07T01:48:14.791477,
aafea8076416ac0c,https://fi.linkedin.com/jobs/view/manager-maintenance-projects-planning-at-upm-4437160395,"Manager, Maintenance Projects & Planning",,scraped,2026-07-07T01:48:22.235723,
5eeb80d2b1c57f80,https://fi.linkedin.com/jobs/view/senior-software-engineer-itsm-at-matrix42-4433148914,Senior Software Engineer ITSM,,scraped,2026-07-07T01:48:29.616491,
9c04ff4025d8c698,https://fi.linkedin.com/jobs/view/project-director-at-linesight-4435212908,Project Director,,scraped,2026-07-07T01:48:36.149437,
8c6120aa47b25af3,https://fi.linkedin.com/jobs/view/myyj%C3%A4-jula-it%C3%A4-helsinki-at-jula-4437453978,"Myyjä, Jula Itä-Helsinki",,scraped,2026-07-07T01:48:42.780339,
79655f27b91b1821,https://fi.linkedin.com/jobs/view/ai-process-automation-specialist-at-staria-4427532171,AI & Process Automation Specialist,,scraped,2026-07-07T01:48:49.596955,
33b4f57f34dfa32b,https://fi.linkedin.com/jobs/view/primary-design-engineer-at-despro-engineering-oy-4427360306,Primary Design Engineer,,scraped,2026-07-07T01:48:55.941897,
4f53ac8a05d52d00,https://fi.linkedin.com/jobs/view/senior-platform-engineer-event-streaming-platform-at-wolt-4436215625,"Senior Platform Engineer, Event Streaming Platform",,scraped,2026-07-07T01:49:05.410531,
f83558fd858df37a,https://fi.linkedin.com/jobs/view/quality-specialist-launch-team-at-ball-corporation-4436317340,Quality Specialist Launch Team,Ball Corporation,posted,2026-07-07T01:49:28.685814,141
ad6bc2e256157009,https://fi.linkedin.com/jobs/view/marketing-communication-student-worker-at-signify-4435177282,Marketing Communication Student Worker,,scraped,2026-07-07T01:49:31.593504,
4e48b1f42b56807d,https://fi.linkedin.com/jobs/view/senior-quality-engineer-at-smartly-4436767252,Senior Quality Engineer,,scraped,2026-07-07T01:49:38.209522,
693f9b7499b8af90,https://fi.linkedin.com/jobs/view/layout-design-engineer-industry-at-elomatic-4433151845,"Layout Design Engineer, Industry",,scraped,2026-07-07T01:49:45.291812,
1d2ac50ba554e77b,https://fi.linkedin.com/jobs/view/product-marketing-manager-marketing-at-hoxhunt-4435462276,"Product Marketing Manager, Marketing",,scraped,2026-07-07T01:49:54.020896,
1d2a178257a11e4f,https://fi.linkedin.com/jobs/view/layout-design-engineer-industry-at-elomatic-4433155815,"Layout Design Engineer, Industry",,scraped,2026-07-07T01:50:03.297983,
6b31eaa2d722af8b,https://fi.linkedin.com/jobs/view/myyj%C3%A4-salon-myym%C3%A4l%C3%A4%C3%A4mme-at-normal-a-s-4436095596,Myyjä Salon myymäläämme,,scraped,2026-07-07T01:50:11.664300,
84828a64fcd5eb95,https://fi.linkedin.com/jobs/view/senior-electrical-engineer-at-beneq-4427169878,Senior Electrical Engineer,,scraped,2026-07-07T01:50:19.732450,
e0558d3011c269b7,https://fi.linkedin.com/jobs/view/software-developer-data-and-integration-helsinki-at-infosys-4413652920,Software Developer-Data and Integration | Helsinki,Infosys,posted,2026-07-07T01:50:37.692134,143
6ed75cc26349b4ea,https://fi.linkedin.com/jobs/view/biodiversiteettikonsultti-at-ramboll-4434489430,Biodiversiteettikonsultti,,scraped,2026-07-07T01:50:40.371273,
39cfd80def7cb04d,https://fi.linkedin.com/jobs/view/varhaiskasvatuksen-avustaja-at-pilke-p%C3%A4iv%C3%A4kodit-oy-4436176290,varhaiskasvatuksen avustaja,,scraped,2026-07-07T01:50:48.196401,
329d5c8308b618ac,https://fi.linkedin.com/jobs/view/tekninen-ict-projektip%C3%A4%C3%A4llikk%C3%B6-tietohallinto-jyv%C3%A4skyl%C3%A4-at-keski-suomen-hyvinvointialue-4436252435,"Tekninen ICT-projektipäällikkö, tietohallinto, Jyväskylä",,scraped,2026-07-07T01:50:55.755556,
39c7fa9ccdeea65b,https://fi.linkedin.com/jobs/view/assistant-store-manager-at-skechers-4435827163,Assistant Store Manager,,scraped,2026-07-07T01:51:02.524250,
e1275bde3054fb02,https://fi.linkedin.com/jobs/view/software-development-engineer-ii-fullstack-studio-at-mapbox-4417454341,"Software Development Engineer II (Fullstack), Studio",Mapbox,posted,2026-07-07T01:51:18.570562,145
0d11efd268fd2a76,https://fi.linkedin.com/jobs/view/myyj%C3%A4-20-25h-vko-jysk-vantaa-tammisto-at-jysk-4433954159,"Myyjä, 20-25h/vko, JYSK Vantaa Tammisto",,scraped,2026-07-07T01:51:21.404801,
a36e08939a76b515,https://fi.linkedin.com/jobs/view/samlink-mainframe-developer-at-kyndryl-4435408486,Samlink Mainframe Developer,,scraped,2026-07-07T01:51:28.065743,
b56bb62c4f6c4181,https://fi.linkedin.com/jobs/view/servicenow-platform-administrator-at-ampstek-4436226277,ServiceNow Platform Administrator,Ampstek,posted,2026-07-07T01:51:55.369257,147
1181d6d58da30a7c,https://fi.linkedin.com/jobs/view/data-engineer-mid-snr-at-norrin-4416309188,Data Engineer (Mid-Snr),,scraped,2026-07-07T01:51:58.000320,
69763be9d8c93240,https://fi.linkedin.com/jobs/view/bilingual-community-manager-ai-trainer-at-dataannotation-4304448127,Bilingual Community Manager - AI Trainer,DataAnnotation,posted,2026-07-07T01:52:23.695123,149
3526bef14513ace7,https://fi.linkedin.com/jobs/view/forward-deployed-ai-engineer-uae-at-iceye-4435541617,"Forward Deployed AI Engineer, UAE",,scraped,2026-07-07T01:52:26.410522,
e2341bc94848d76a,https://fi.linkedin.com/jobs/view/tuotevastaava-at-pop-vakuutus-4431568732,Tuotevastaava,,scraped,2026-07-07T01:52:32.809364,
67ee133de787e079,https://fi.linkedin.com/jobs/view/senior-embedded-machine-learning-engineer-c%2B%2B-at-scandit-4414031577,Senior Embedded Machine Learning Engineer (C++),,scraped,2026-07-07T01:52:39.667531,
e1e8b9f6aaba4079,https://fi.linkedin.com/jobs/view/cost-engineer-at-nordec-group-4426621102,Cost Engineer,,scraped,2026-07-07T01:52:46.175182,
ffa41c3c0df04832,https://fi.linkedin.com/jobs/view/bilingual-customer-support-representative-ai-trainer-at-dataannotation-4304439312,Bilingual Customer Support Representative - AI Trainer,DataAnnotation,posted,2026-07-07T01:53:55.355164,151
a924eba2aa876346,https://fi.linkedin.com/jobs/view/bilingual-public-relations-specialist-ai-trainer-at-dataannotation-4304447166,Bilingual Public Relations Specialist - AI Trainer,DataAnnotation,posted,2026-07-07T01:54:17.472431,153
bdb364082d381437,https://fi.linkedin.com/jobs/view/engineering-manager-at-afry-4427556147,Engineering Manager,,scraped,2026-07-07T01:54:20.126954,
8d76e498a6c2624c,https://fi.linkedin.com/jobs/view/working-capital-specialist-at-kuehne%2Bnagel-4436300937,Working Capital Specialist,,scraped,2026-07-07T01:54:26.928845,
8023fe10a555395b,https://fi.linkedin.com/jobs/view/asiantuntija-opettajapalvelut-at-aalto-university-4431480735,"Asiantuntija, opettajapalvelut",Aalto University,posted,2026-07-07T01:54:40.854995,155
a81661d11a33d4eb,https://fi.linkedin.com/jobs/view/project-engineer-system-engineering-at-etteplan-4427577701,"Project Engineer, System Engineering",,scraped,2026-07-07T01:54:43.436507,
361af301b384a856,https://fi.linkedin.com/jobs/view/senior-agricultural-insurance-and-rural-finance-expert-at-ntu-international-a-s-4436300902,Senior Agricultural Insurance and Rural Finance Expert,,scraped,2026-07-07T01:54:50.300349,
29622914b9ee5b0a,https://fi.linkedin.com/jobs/view/senior-backend-developer-internal-platform-at-verda-4427482821,"Senior Backend Developer, Internal Platform",,scraped,2026-07-07T01:54:57.601066,
6075a165f7903bd8,https://fi.linkedin.com/jobs/view/senior-developer-integration-platform-development-at-veikkaus-4429311740,"Senior Developer, integration platform development",,scraped,2026-07-07T01:55:05.023811,
9036d263e91a4ef7,https://fi.linkedin.com/jobs/view/client-executive-at-knowit-4433955341,Client Executive,,scraped,2026-07-07T01:55:11.560872,
f829c10dbc407d7e,https://fi.linkedin.com/jobs/view/head-of-sales-at-hyundai-motor-finland-oy-4433169674,Head of Sales,,scraped,2026-07-07T01:55:18.919628,
f1a744cf4eb4a6ed,https://fi.linkedin.com/jobs/view/marketing-specialist-at-alicent-alicent-com-4433174897,Marketing Specialist,,scraped,2026-07-07T01:55:27.090395,
d88782523d53effa,https://fi.linkedin.com/jobs/view/global-people-hr-expansion-lead-at-verda-4427487513,Global People (HR) Expansion Lead,,scraped,2026-07-07T01:55:34.138236,
36fc996da0f9ecc6,https://fi.linkedin.com/jobs/view/p%C3%A4%C3%A4suunnittelija-helsinki-at-lukkaroinen-arkkitehdit-4432761931,"Pääsuunnittelija, Helsinki",,scraped,2026-07-07T01:55:41.030657,
3cbfbec877da2418,https://fi.linkedin.com/jobs/view/record-document-management-specialist-at-anglo-american-4433974777,Record / Document Management Specialist,,scraped,2026-07-07T01:55:49.666590,
39a4edd7a85ba758,https://fi.linkedin.com/jobs/view/content-creator-marketing-at-a-s-helsing%C3%B6-4432706308,"Content Creator, Marketing",,scraped,2026-07-07T01:55:56.607452,
5050cf8b1bdaedde,https://fi.linkedin.com/jobs/view/maanrakentamisen-ty%C3%B6njohtajia-p%C3%A4%C3%A4kaupunkiseutu-at-nrc-group-finland-4436751933,"Maanrakentamisen työnjohtajia, pääkaupunkiseutu",,scraped,2026-07-07T01:56:03.083460,
1a9ecac0afabf279,https://fi.linkedin.com/jobs/view/postdoctoral-research-fellow-chip-technologies-12-positions-tutkijatohtori-siruteknologia-12-teht%C3%A4v%C3%A4%C3%A4-at-tampere-university-4435534714,"Postdoctoral Research Fellow (Chip Technologies), 12 positions / Tutkijatohtori (Siruteknologia), 12 tehtävää",Tampere University,posted,2026-07-07T01:56:19.254278,157
968539f6cbfb9c96,https://fi.linkedin.com/jobs/view/s%C3%A4hk%C3%B6projektip%C3%A4%C3%A4llikk%C3%B6-urakointiin-jyv%C3%A4skyl%C3%A4-at-caverion-4434313347,"Sähköprojektipäällikkö urakointiin, Jyväskylä",,scraped,2026-07-07T01:56:21.850750,
c8f712c12efc4739,https://fi.linkedin.com/jobs/view/design-firm-key-account-manager-at-schneider-electric-4417180357,Design Firm Key Account Manager,Schneider Electric,posted,2026-07-07T01:56:37.423500,159
7cd129d0aeba5f27,https://fi.linkedin.com/jobs/view/ai-video-creator-at-the-flex-4436785106,AI Video Creator,,scraped,2026-07-07T01:56:40.299672,
fd06f0680050afe5,https://fi.linkedin.com/jobs/view/technical-sales-specialist-emea-temperature-control-fixed-term-at-thermo-fisher-scientific-4424858225,Technical Sales Specialist EMEA - Temperature Control (FIXED TERM),,scraped,2026-07-07T01:56:47.103026,
a62176edd9cbd84f,https://fi.linkedin.com/jobs/view/doctoral-researcher-in-dependable-automation-artificial-intelligence-and-cyber-physical-systems-3-positions-v%C3%A4it%C3%B6skirjatutkija-3-teht%C3%A4v%C3%A4%C3%A4-at-tampere-university-4435427724,"Doctoral Researcher in Dependable Automation, Artificial Intelligence and Cyber-Physical Systems (3 positions) / Väitöskirjatutkija (3 tehtävää)",Tampere University,posted,2026-07-07T01:57:35.532073,161
4322fa2e852ddb81,https://fi.linkedin.com/jobs/view/electrical-project-manager-at-mercury-4345003035,Electrical Project Manager,,scraped,2026-07-07T01:57:38.437725,
287ce6d9517b97fa,https://fi.linkedin.com/jobs/view/manager-enterprise-solutions-helsinki-bcg-platinion-at-bcg-platinion-4427264793,"Manager, Enterprise Solutions - Helsinki | BCG Platinion",,scraped,2026-07-07T01:57:45.160541,
ca4ca23d00993642,https://fi.linkedin.com/jobs/view/marketing-planner-innovation-projects-at-royal-unibrew-4436341038,"Marketing Planner, Innovation Projects",,scraped,2026-07-07T01:57:51.910473,
f07c11f1825e1e1e,https://fi.linkedin.com/jobs/view/telecom-operations-support-engineer-at-ampstek-4436222529,Telecom Operations Support Engineer,,scraped,2026-07-07T01:57:59.175812,
6a74a7a0ef31e0bd,https://fi.linkedin.com/jobs/view/head-of-quality-development-helsinki-tallinn-at-elisa-4435572527,"Head of Quality Development (Helsinki, Tallinn)",,scraped,2026-07-07T01:58:35.105358,
f2ac2fa104c23b2d,https://fi.linkedin.com/jobs/view/asiakkuus-ja-myyntip%C3%A4%C3%A4llikk%C3%B6-humana-keskitetyt-palvelut-at-humana-suomi-4435448671,"Asiakkuus- ja myyntipäällikkö, Humana keskitetyt palvelut",Humana Suomi,posted,2026-07-07T01:59:16.702569,163
d9640062808632da,https://fi.linkedin.com/jobs/view/hankintakoordinaattori-at-terveystalo-4435515917,Hankintakoordinaattori,,scraped,2026-07-07T01:59:19.587061,
e2eb6fb829308d10,https://fi.linkedin.com/jobs/view/suunnittelup%C3%A4%C3%A4llikk%C3%B6-rakennuss%C3%A4hk%C3%B6istys-at-rejlers-4436751140,"Suunnittelupäällikkö, rakennussähköistys",,scraped,2026-07-07T01:59:26.745291,
65ed37daa0e22a35,https://fi.linkedin.com/jobs/view/component-mechanic-komposiittikorjaaja-at-finnair-4436340026,"Component Mechanic, Komposiittikorjaaja",Finnair,posted,2026-07-07T01:59:42.839531,165
c17d0853fd38e86e,https://fi.linkedin.com/jobs/view/product-data-coordinator-at-hartwall-4436444102,Product Data Coordinator,,scraped,2026-07-07T01:59:45.788628,
26706c6288252b2c,https://fi.linkedin.com/jobs/view/forward-deployed-geospatial-engineer-sar-intelligence-espoo-at-iceye-4435541618,"Forward Deployed Geospatial Engineer - SAR Intelligence, Espoo",,scraped,2026-07-07T01:59:52.851496,
b25db0aed142c0e1,https://fi.linkedin.com/jobs/view/technical-lead-cloud-at-aiven-4398857935,"Technical Lead, Cloud",,scraped,2026-07-07T01:59:59.356290,
052bb5701961a544,https://fi.linkedin.com/jobs/view/incident-problem-manager-at-s-pankki-4435566906,Incident & Problem Manager,,scraped,2026-07-07T02:00:05.813117,
c26ed469fa3a00e1,https://fi.linkedin.com/jobs/view/senior-sales-engineer-at-w%C3%A4rtsil%C3%A4-4426753454,(Senior) Sales Engineer,,scraped,2026-07-07T02:00:13.963782,
f4a1b689db9db8fb,https://fi.linkedin.com/jobs/view/marketing-automation-technology-specialist-at-telia-4434956872,Marketing Automation & Technology Specialist,,scraped,2026-07-07T02:00:20.948675,
6c3661dba732217b,https://fi.linkedin.com/jobs/view/l%C3%A4rare-inom-sm%C3%A5barnspedagogik-niperts-daghem-at-espoon-kaupunki-esbo-stad-city-of-espoo-4431913097,"Lärare inom småbarnspedagogik, Niperts daghem",,scraped,2026-07-07T02:00:27.696065,
82029f018814e062,https://fi.linkedin.com/jobs/view/senior-sales-engineer-at-w%C3%A4rtsil%C3%A4-4426749505,(Senior) Sales Engineer,,scraped,2026-07-07T02:00:35.660137,
0d2d78fc62720124,https://fi.linkedin.com/jobs/view/mep-project-manager-%E2%80%93-data-centres-at-wntd-4435455713,MEP Project Manager – Data Centres,,scraped,2026-07-07T02:00:42.772798,
a0178308703dc85e,https://fi.linkedin.com/jobs/view/alliances-ecosystems-pursuit-strategist-ey-europe-central-at-ey-4406078616,Alliances & Ecosystems Pursuit Strategist | EY Europe Central,EY,posted,2026-07-07T02:00:58.007834,167
3ad6cd8b59b2c58b,https://fi.linkedin.com/jobs/view/digitalization-and-automation-factory-specialist-lead-at-hitachi-energy-4437422220,Digitalization and Automation Factory Specialist / Lead,,scraped,2026-07-07T02:01:00.907887,
4260460cc00de5e5,https://fi.linkedin.com/jobs/view/legal-counsel-danske-premium-at-danske-bank-4437115731,"Legal Counsel, Danske Premium",,scraped,2026-07-07T02:01:07.423497,
5d7b0223aee44134,https://fi.linkedin.com/jobs/view/sourcing-analyst-fixed-term-contract-master-s-thesis-opportunity-at-tieto-4435132154,"Sourcing Analyst (fixed-term contract, Master's thesis opportunity)",,scraped,2026-07-07T02:01:14.657492,
c625aa0d33ad4e9a,https://fi.linkedin.com/jobs/view/mechanic-at-ingersoll-rand-4435378783,Mechanic,Ingersoll Rand,posted,2026-07-07T02:01:56.427208,169
59b86c4402ec3b3f,https://fi.linkedin.com/jobs/view/koulunk%C3%A4ynninohjaaja-eestinkallion-koulu-at-espoon-kaupunki-esbo-stad-city-of-espoo-4435258744,"Koulunkäynninohjaaja, Eestinkallion koulu",,scraped,2026-07-07T02:01:59.026205,
bad888645495bceb,https://fi.linkedin.com/jobs/view/hema-lead-nordics-at-johnson-johnson-medtech-4435159877,HEMA Lead Nordics,,scraped,2026-07-07T02:02:07.363232,
b0d8048e70220712,https://fi.linkedin.com/jobs/view/manager-helsinki-bcg-platinion-at-bcg-platinion-4427262784,Manager - Helsinki | BCG Platinion,,scraped,2026-07-07T02:02:28.959333,
917315e6e6f5ac5c,https://fi.linkedin.com/jobs/view/bmc-remedy-at-ampstek-4436225320,BMC Remedy,Ampstek,posted,2026-07-07T02:02:43.358984,171
687eaabbed76f021,https://fi.linkedin.com/jobs/view/senior-accountant-record-to-report-at-alma-media-4436711397,"Senior Accountant, Record to Report",,scraped,2026-07-07T02:02:45.968638,
989dca64eb415a87,https://fi.linkedin.com/jobs/view/quantum-algorithm-developer-at-qmill-4436311574,Quantum Algorithm Developer,,scraped,2026-07-07T02:02:52.442160,
ae38a78be5b3ec48,https://fi.linkedin.com/jobs/view/senior-ui-ux-designer-community-at-supercell-4433936719,"Senior UI/UX Designer, Community",,scraped,2026-07-07T02:03:00.795481,
2e16ea75465888a8,https://fi.linkedin.com/jobs/view/larmcentraloperat%C3%B6r-n%C3%A4rv%C3%A5rdare-trygghetsjouren-esbo-at-l%C3%A4nsi-uudenmaan-hyvinvointialue-4435438648,"Larmcentraloperatör (närvårdare), trygghetsjouren, Esbo",Länsi-Uudenmaan hyvinvointialue,posted,2026-07-07T02:03:19.177484,173
